num_threads;nx;result;seconds
1;512;0.0402737;3.09062
1;1024;0.0578281;12.5886
1;2048;0.0820855;56.0569
