num_threads;nx;result;seconds
1;512;0.0402737;3.06603
1;1024;0.0578281;12.817
1;2048;0.0820855;58.4851
